"keys","en","zh_CN","zh_TW","ja","es_ES","es_419","pt_BR","pt_PT","fr","de","da","id","nb","sv","nl","vi","ms","ko","ru","uk","_id","_group","_note"
"Rooms_You","You","自己","自己","You","You","You","You","You","You","You","You","You","You","You","You","You","You","You","You","You","700028","Rooms","房间功能；其他语言暂用英文，发布前补译"
"Rooms_DefaultName","My dog room","我的小狗房间","我的小狗房間","My dog room","My dog room","My dog room","My dog room","My dog room","My dog room","My dog room","My dog room","My dog room","My dog room","My dog room","My dog room","My dog room","My dog room","My dog room","My dog room","My dog room","700032","Rooms","房间功能；其他语言暂用英文，发布前补译"
"Rooms_Name","Room name","房间名称","房間名稱","Room name","Room name","Room name","Room name","Room name","Room name","Room name","Room name","Room name","Room name","Room name","Room name","Room name","Room name","Room name","Room name","Room name","700033","Rooms","房间功能；其他语言暂用英文，发布前补译"
"Rooms_Code","Enter room code","输入房间码","輸入房間碼","Enter room code","Enter room code","Enter room code","Enter room code","Enter room code","Enter room code","Enter room code","Enter room code","Enter room code","Enter room code","Enter room code","Enter room code","Enter room code","Enter room code","Enter room code","Enter room code","Enter room code","700034","Rooms","房间功能；其他语言暂用英文，发布前补译"
"Rooms_Create","Create","创建","建立","Create","Create","Create","Create","Create","Create","Create","Create","Create","Create","Create","Create","Create","Create","Create","Create","Create","700035","Rooms","房间功能；其他语言暂用英文，发布前补译"
"Rooms_Join","Join","加入","加入","Join","Join","Join","Join","Join","Join","Join","Join","Join","Join","Join","Join","Join","Join","Join","Join","Join","700036","Rooms","房间功能；其他语言暂用英文，发布前补译"
"Rooms_Refresh","Refresh","刷新","重新整理","Refresh","Refresh","Refresh","Refresh","Refresh","Refresh","Refresh","Refresh","Refresh","Refresh","Refresh","Refresh","Refresh","Refresh","Refresh","Refresh","Refresh","700037","Rooms","房间功能；其他语言暂用英文，发布前补译"
"Rooms_Random","Join a random room","随机加入房间","隨機加入房間","Join a random room","Join a random room","Join a random room","Join a random room","Join a random room","Join a random room","Join a random room","Join a random room","Join a random room","Join a random room","Join a random room","Join a random room","Join a random room","Join a random room","Join a random room","Join a random room","Join a random room","700038","Rooms","房间功能；其他语言暂用英文，发布前补译"
"Rooms_Empty","No rooms available","暂无可加入的房间","暫無可加入的房間","No rooms available","No rooms available","No rooms available","No rooms available","No rooms available","No rooms available","No rooms available","No rooms available","No rooms available","No rooms available","No rooms available","No rooms available","No rooms available","No rooms available","No rooms available","No rooms available","No rooms available","700039","Rooms","房间功能；其他语言暂用英文，发布前补译"
"Rooms_Return","Back to current room","返回当前房间","返回目前房間","Back to current room","Back to current room","Back to current room","Back to current room","Back to current room","Back to current room","Back to current room","Back to current room","Back to current room","Back to current room","Back to current room","Back to current room","Back to current room","Back to current room","Back to current room","Back to current room","Back to current room","700040","Rooms","房间功能；其他语言暂用英文，发布前补译"
"Rooms_WaitMembers","Loading members…","正在获取成员状态…","正在取得成員狀態…","Loading members…","Loading members…","Loading members…","Loading members…","Loading members…","Loading members…","Loading members…","Loading members…","Loading members…","Loading members…","Loading members…","Loading members…","Loading members…","Loading members…","Loading members…","Loading members…","Loading members…","700041","Rooms","房间功能；其他语言暂用英文，发布前补译"
"Rooms_Social","Hang out","一起待着","一起待著","Hang out","Hang out","Hang out","Hang out","Hang out","Hang out","Hang out","Hang out","Hang out","Hang out","Hang out","Hang out","Hang out","Hang out","Hang out","Hang out","Hang out","700042","Rooms","房间功能；其他语言暂用英文，发布前补译"
"Rooms_CodeTitle","Room code","房间码","房間碼","Room code","Room code","Room code","Room code","Room code","Room code","Room code","Room code","Room code","Room code","Room code","Room code","Room code","Room code","Room code","Room code","Room code","700043","Rooms","房间功能；其他语言暂用英文，发布前补译"
"Rooms_Copy","Copy","复制","複製","Copy","Copy","Copy","Copy","Copy","Copy","Copy","Copy","Copy","Copy","Copy","Copy","Copy","Copy","Copy","Copy","Copy","700044","Rooms","房间功能；其他语言暂用英文，发布前补译"
"Rooms_Members","Members","房间成员","房間成員","Members","Members","Members","Members","Members","Members","Members","Members","Members","Members","Members","Members","Members","Members","Members","Members","Members","700045","Rooms","房间功能；其他语言暂用英文，发布前补译"
"Rooms_Browse","Browse rooms","浏览其他房间","瀏覽其他房間","Browse rooms","Browse rooms","Browse rooms","Browse rooms","Browse rooms","Browse rooms","Browse rooms","Browse rooms","Browse rooms","Browse rooms","Browse rooms","Browse rooms","Browse rooms","Browse rooms","Browse rooms","Browse rooms","Browse rooms","700046","Rooms","房间功能；其他语言暂用英文，发布前补译"
"Rooms_Leave","Leave room","离开房间","離開房間","Leave room","Leave room","Leave room","Leave room","Leave room","Leave room","Leave room","Leave room","Leave room","Leave room","Leave room","Leave room","Leave room","Leave room","Leave room","Leave room","Leave room","700047","Rooms","房间功能；其他语言暂用英文，发布前补译"
"Rooms_CodeCopied","Room code copied","房间码已复制","房間碼已複製","Room code copied","Room code copied","Room code copied","Room code copied","Room code copied","Room code copied","Room code copied","Room code copied","Room code copied","Room code copied","Room code copied","Room code copied","Room code copied","Room code copied","Room code copied","Room code copied","Room code copied","700048","Rooms","房间功能；其他语言暂用英文，发布前补译"
"Rooms_Creating","Creating room…","正在创建房间…","正在建立房間…","Creating room…","Creating room…","Creating room…","Creating room…","Creating room…","Creating room…","Creating room…","Creating room…","Creating room…","Creating room…","Creating room…","Creating room…","Creating room…","Creating room…","Creating room…","Creating room…","Creating room…","700049","Rooms","房间功能；其他语言暂用英文，发布前补译"
"Rooms_Joining","Joining room…","正在加入房间…","正在加入房間…","Joining room…","Joining room…","Joining room…","Joining room…","Joining room…","Joining room…","Joining room…","Joining room…","Joining room…","Joining room…","Joining room…","Joining room…","Joining room…","Joining room…","Joining room…","Joining room…","Joining room…","700050","Rooms","房间功能；其他语言暂用英文，发布前补译"
"Rooms_Searching","Finding rooms…","正在查找房间…","正在尋找房間…","Finding rooms…","Finding rooms…","Finding rooms…","Finding rooms…","Finding rooms…","Finding rooms…","Finding rooms…","Finding rooms…","Finding rooms…","Finding rooms…","Finding rooms…","Finding rooms…","Finding rooms…","Finding rooms…","Finding rooms…","Finding rooms…","Finding rooms…","700051","Rooms","房间功能；其他语言暂用英文，发布前补译"
"Rooms_Cancelled","Request cancelled","操作已取消","操作已取消","Request cancelled","Request cancelled","Request cancelled","Request cancelled","Request cancelled","Request cancelled","Request cancelled","Request cancelled","Request cancelled","Request cancelled","Request cancelled","Request cancelled","Request cancelled","Request cancelled","Request cancelled","Request cancelled","Request cancelled","700052","Rooms","房间功能；其他语言暂用英文，发布前补译"
"Rooms_TimedOut","Request timed out. Try again.","请求超时，请重试。","請求逾時，請重試。","Request timed out. Try again.","Request timed out. Try again.","Request timed out. Try again.","Request timed out. Try again.","Request timed out. Try again.","Request timed out. Try again.","Request timed out. Try again.","Request timed out. Try again.","Request timed out. Try again.","Request timed out. Try again.","Request timed out. Try again.","Request timed out. Try again.","Request timed out. Try again.","Request timed out. Try again.","Request timed out. Try again.","Request timed out. Try again.","Request timed out. Try again.","700053","Rooms","房间功能；其他语言暂用英文，发布前补译"
"Rooms_InvalidName","Enter a room name.","请填写房间名称。","請填寫房間名稱。","Enter a room name.","Enter a room name.","Enter a room name.","Enter a room name.","Enter a room name.","Enter a room name.","Enter a room name.","Enter a room name.","Enter a room name.","Enter a room name.","Enter a room name.","Enter a room name.","Enter a room name.","Enter a room name.","Enter a room name.","Enter a room name.","Enter a room name.","700054","Rooms","房间功能；其他语言暂用英文，发布前补译"
"Rooms_NotFound","Room not found. Check the code.","未找到房间，请检查房间码。","找不到房間，請檢查房間碼。","Room not found. Check the code.","Room not found. Check the code.","Room not found. Check the code.","Room not found. Check the code.","Room not found. Check the code.","Room not found. Check the code.","Room not found. Check the code.","Room not found. Check the code.","Room not found. Check the code.","Room not found. Check the code.","Room not found. Check the code.","Room not found. Check the code.","Room not found. Check the code.","Room not found. Check the code.","Room not found. Check the code.","Room not found. Check the code.","Room not found. Check the code.","700055","Rooms","房间功能；其他语言暂用英文，发布前补译"
"Rooms_Full","Room is full.","房间已满。","房間已滿。","Room is full.","Room is full.","Room is full.","Room is full.","Room is full.","Room is full.","Room is full.","Room is full.","Room is full.","Room is full.","Room is full.","Room is full.","Room is full.","Room is full.","Room is full.","Room is full.","Room is full.","700056","Rooms","房间功能；其他语言暂用英文，发布前补译"
"Rooms_NoMatch","No room available. Try creating one.","暂无合适的房间，可以自行创建。","暫無合適的房間，可以自行建立。","No room available. Try creating one.","No room available. Try creating one.","No room available. Try creating one.","No room available. Try creating one.","No room available. Try creating one.","No room available. Try creating one.","No room available. Try creating one.","No room available. Try creating one.","No room available. Try creating one.","No room available. Try creating one.","No room available. Try creating one.","No room available. Try creating one.","No room available. Try creating one.","No room available. Try creating one.","No room available. Try creating one.","No room available. Try creating one.","No room available. Try creating one.","700057","Rooms","房间功能；其他语言暂用英文，发布前补译"
"Rooms_Unavailable","Room service unavailable. Try again.","房间服务暂时不可用，请重试。","房間服務暫時無法使用，請重試。","Room service unavailable. Try again.","Room service unavailable. Try again.","Room service unavailable. Try again.","Room service unavailable. Try again.","Room service unavailable. Try again.","Room service unavailable. Try again.","Room service unavailable. Try again.","Room service unavailable. Try again.","Room service unavailable. Try again.","Room service unavailable. Try again.","Room service unavailable. Try again.","Room service unavailable. Try again.","Room service unavailable. Try again.","Room service unavailable. Try again.","Room service unavailable. Try again.","Room service unavailable. Try again.","Room service unavailable. Try again.","700058","Rooms","房间功能；其他语言暂用英文，发布前补译"
"Rooms_SteamConnected","Steam room service","Steam 房间服务","Steam 房間服務","Steam room service","Steam room service","Steam room service","Steam room service","Steam room service","Steam room service","Steam room service","Steam room service","Steam room service","Steam room service","Steam room service","Steam room service","Steam room service","Steam room service","Steam room service","Steam room service","Steam room service","700059","Rooms","房间功能；其他语言暂用英文，发布前补译"
"Rooms_SteamUnavailable","Steam rooms unavailable. Check your Steam connection, then refresh.","Steam 房间暂不可用。请检查 Steam 连接后刷新。","Steam 房間暫時無法使用。請檢查 Steam 連線後重新整理。","Steam rooms unavailable. Check your Steam connection, then refresh.","Steam rooms unavailable. Check your Steam connection, then refresh.","Steam rooms unavailable. Check your Steam connection, then refresh.","Steam rooms unavailable. Check your Steam connection, then refresh.","Steam rooms unavailable. Check your Steam connection, then refresh.","Steam rooms unavailable. Check your Steam connection, then refresh.","Steam rooms unavailable. Check your Steam connection, then refresh.","Steam rooms unavailable. Check your Steam connection, then refresh.","Steam rooms unavailable. Check your Steam connection, then refresh.","Steam rooms unavailable. Check your Steam connection, then refresh.","Steam rooms unavailable. Check your Steam connection, then refresh.","Steam rooms unavailable. Check your Steam connection, then refresh.","Steam rooms unavailable. Check your Steam connection, then refresh.","Steam rooms unavailable. Check your Steam connection, then refresh.","Steam rooms unavailable. Check your Steam connection, then refresh.","Steam rooms unavailable. Check your Steam connection, then refresh.","Steam rooms unavailable. Check your Steam connection, then refresh.","700060","Rooms","房间功能；其他语言暂用英文，发布前补译"
"Rooms_SteamRestartRequired","The room request could not finish. Restart the game and try again.","房间请求未能完成，请重启游戏后重试。","房間請求未能完成，請重新啟動遊戲後再試。","The room request could not finish. Restart the game and try again.","The room request could not finish. Restart the game and try again.","The room request could not finish. Restart the game and try again.","The room request could not finish. Restart the game and try again.","The room request could not finish. Restart the game and try again.","The room request could not finish. Restart the game and try again.","The room request could not finish. Restart the game and try again.","The room request could not finish. Restart the game and try again.","The room request could not finish. Restart the game and try again.","The room request could not finish. Restart the game and try again.","The room request could not finish. Restart the game and try again.","The room request could not finish. Restart the game and try again.","The room request could not finish. Restart the game and try again.","The room request could not finish. Restart the game and try again.","The room request could not finish. Restart the game and try again.","The room request could not finish. Restart the game and try again.","The room request could not finish. Restart the game and try again.","700061","Rooms","房间功能；其他语言暂用英文，发布前补译"
"Rooms_ChatOpen","Send a bubble message","发送气泡消息","傳送氣泡訊息","Send a bubble message","Send a bubble message","Send a bubble message","Send a bubble message","Send a bubble message","Send a bubble message","Send a bubble message","Send a bubble message","Send a bubble message","Send a bubble message","Send a bubble message","Send a bubble message","Send a bubble message","Send a bubble message","Send a bubble message","Send a bubble message","Send a bubble message","700062","Rooms","房间气泡聊天；其他语言暂用英文，发布前补译"
"Rooms_ChatPlaceholder","Say hello...","打个招呼…","打個招呼…","Say hello...","Say hello...","Say hello...","Say hello...","Say hello...","Say hello...","Say hello...","Say hello...","Say hello...","Say hello...","Say hello...","Say hello...","Say hello...","Say hello...","Say hello...","Say hello...","Say hello...","700063","Rooms","房间气泡聊天；其他语言暂用英文，发布前补译"
"Rooms_ChatSend","Send","发送","傳送","Send","Send","Send","Send","Send","Send","Send","Send","Send","Send","Send","Send","Send","Send","Send","Send","Send","700064","Rooms","房间气泡聊天；其他语言暂用英文，发布前补译"
"Rooms_ChatEmpty","Enter a message.","请输入文字。","請輸入文字。","Enter a message.","Enter a message.","Enter a message.","Enter a message.","Enter a message.","Enter a message.","Enter a message.","Enter a message.","Enter a message.","Enter a message.","Enter a message.","Enter a message.","Enter a message.","Enter a message.","Enter a message.","Enter a message.","Enter a message.","700065","Rooms","房间气泡聊天；其他语言暂用英文，发布前补译"
"Rooms_ChatTooLong","Use up to 120 characters.","最多 120 个字符。","最多 120 個字元。","Use up to 120 characters.","Use up to 120 characters.","Use up to 120 characters.","Use up to 120 characters.","Use up to 120 characters.","Use up to 120 characters.","Use up to 120 characters.","Use up to 120 characters.","Use up to 120 characters.","Use up to 120 characters.","Use up to 120 characters.","Use up to 120 characters.","Use up to 120 characters.","Use up to 120 characters.","Use up to 120 characters.","Use up to 120 characters.","Use up to 120 characters.","700066","Rooms","房间气泡聊天；其他语言暂用英文，发布前补译"
"Rooms_ChatSingleLine","Use a single line of text.","请发送单行文字。","請傳送單行文字。","Use a single line of text.","Use a single line of text.","Use a single line of text.","Use a single line of text.","Use a single line of text.","Use a single line of text.","Use a single line of text.","Use a single line of text.","Use a single line of text.","Use a single line of text.","Use a single line of text.","Use a single line of text.","Use a single line of text.","Use a single line of text.","Use a single line of text.","Use a single line of text.","Use a single line of text.","700067","Rooms","房间气泡聊天；其他语言暂用英文，发布前补译"
"Rooms_ChatTooFast","Please wait a moment before sending.","发送太快，请稍后再试。","傳送太快，請稍後再試。","Please wait a moment before sending.","Please wait a moment before sending.","Please wait a moment before sending.","Please wait a moment before sending.","Please wait a moment before sending.","Please wait a moment before sending.","Please wait a moment before sending.","Please wait a moment before sending.","Please wait a moment before sending.","Please wait a moment before sending.","Please wait a moment before sending.","Please wait a moment before sending.","Please wait a moment before sending.","Please wait a moment before sending.","Please wait a moment before sending.","Please wait a moment before sending.","Please wait a moment before sending.","700068","Rooms","房间气泡聊天；其他语言暂用英文，发布前补译"
"Rooms_ChatUnavailable","Could not send. Check the room connection.","发送失败，请检查房间连接后重试。","傳送失敗，請檢查房間連線後再試。","Could not send. Check the room connection.","Could not send. Check the room connection.","Could not send. Check the room connection.","Could not send. Check the room connection.","Could not send. Check the room connection.","Could not send. Check the room connection.","Could not send. Check the room connection.","Could not send. Check the room connection.","Could not send. Check the room connection.","Could not send. Check the room connection.","Could not send. Check the room connection.","Could not send. Check the room connection.","Could not send. Check the room connection.","Could not send. Check the room connection.","Could not send. Check the room connection.","Could not send. Check the room connection.","Could not send. Check the room connection.","700069","Rooms","房间气泡聊天；其他语言暂用英文，发布前补译"
"Rooms_ChatCancel","Cancel","取消","取消","Cancel","Cancel","Cancel","Cancel","Cancel","Cancel","Cancel","Cancel","Cancel","Cancel","Cancel","Cancel","Cancel","Cancel","Cancel","Cancel","Cancel","700070","Rooms","房间气泡聊天"
